{
  "color-groups": {
  "comment": "Colors are grouped by background. Unspecified values default to group 1. Specifying a color roles are optional.",
    "1": {
      "background":    "#dedede",
      "text":          "#545555",
      "text-title":    "#545555",
      "link":          "#080200",
      "link-visited":  "#080200",
      "accent-1":      "#080200",
      "accent-2":      "#080200",
      "accent-3":      "#080200"
    },
    "2": {
      "background":    "#dedede",
      "text":          "#545555",
      "text-title":    "#545555",
      "link":          "#080200",
      "link-visited":  "#080200",
      "accent-1":      "#080200",
      "accent-2":      "#080200",
      "accent-3":      "#080200"
    },
    "3": {
      "background":    "#dedede",
      "text":          "#545555",
      "text-title":    "#545555",
      "link":          "#080200",
      "link-visited":  "#080200",
      "accent-1":      "#080200"
    },
    "4": {
      "background":    "#dedede",
      "text":          "#545555",
      "text-title":    "#545555",
      "link":          "#080200",
      "link-visited":  "#080200",
      "accent-1":      "#080200"
    }
  },
  "custom-colors": {
    "status-text":     "#c383cf",
    "play-button":     "#89D185",
    "shadow":          "#000000"
  },
  "display-name": "Light Theme",
  "description": "The official light theme supported by Scientific Toolworks, Inc.",
  "font-styles": ""
}
